BOARDID;SECID;TRADEDATE;SHORTNAME;NAME;CLOSE;OPEN;HIGH;LOW;VALUE;DURATION;YIELD;DECIMALS;CAPITALIZATION;CURRENCYID;DIVISOR;TRADINGSESSION;VOLUME
SNDX;IMOEX;2022-10-03;Индекс МосБиржи;Индекс МосБиржи;2041.96;1991.88;2047.54;1972.43;44257545026.7;0;0;2;10067152793057.38;RUB;4930146741.214100;3;
SNDX;IMOEX;2022-10-04;Индекс МосБиржи;Индекс МосБиржи;2046.42;2071.19;2079.67;2016.59;46366353260.7;0;0;2;10089141999278.76;RUB;4930146741.214100;3;
SNDX;IMOEX;2022-10-05;Индекс МосБиржи;Индекс МосБиржи;2029.88;2041.5;2045.62;1971.91;53461971146.1;0;0;2;10007623520929.867;RUB;4930146741.214100;3;
SNDX;IMOEX;2022-10-06;Индекс МосБиржи;Индекс МосБиржи;2020.63;2027.3;2053.86;2015.09;35091173555.05;0;0;2;9961995203200.76;RUB;4930146741.214100;3;
SNDX;IMOEX;2022-10-07;Индекс МосБиржи;Индекс МосБиржи;1944.75;2012.95;2012.95;1939.54;41355184462.6;0;0;2;9587889137400.754;RUB;4930146741.214100;3;
SNDX;IMOEX;2022-10-10;Индекс МосБиржи;Индекс МосБиржи;1916.97;1783.66;1917.91;1775.04;56385754466.1;0;0;2;9450925556588.29;RUB;4930146741.214100;3;
SNDX;IMOEX;2022-10-11;Индекс МосБиржи;Индекс МосБиржи;1949.46;1928.74;1952.8;1909.11;31814724761.25;0;0;2;9611121305627.438;RUB;4930146741.214100;3;
SNDX;IMOEX;2022-10-12;Индекс МосБиржи;Индекс МосБиржи;1951.65;1965.39;1974.59;1937.93;27544147227.5;0;0;2;9621913998261.648;RUB;4930146741.214100;3;
SNDX;IMOEX;2022-10-13;Индекс МосБиржи;Индекс МосБиржи;1955.2;1950.24;1975.84;1941.18;25239455241.2;0;0;2;9639414193300.59;RUB;4930146741.214100;3;
SNDX;IMOEX;2022-10-14;Индекс МосБиржи;Индекс МосБиржи;1950.98;1963.38;1965.77;1933.29;23793882193.25;0;0;2;9618611152725.963;RUB;4930146741.214100;3;
SNDX;IMOEX;2022-10-17;Индекс МосБиржи;Индекс МосБиржи;2012.85;1958.18;2013.61;1955.7;32246002624.9;0;0;2;9923666830044.977;RUB;4930146741.214100;3;
SNDX;IMOEX;2022-10-18;Индекс МосБиржи;Индекс МосБиржи;2032.4;2031.56;2039.67;1999.38;33771126653.65;0;0;2;10020049195584.727;RUB;4930146741.214100;3;
SNDX;IMOEX;2022-10-19;Индекс МосБиржи;Индекс МосБиржи;1978.4;1986.67;2006.06;1953.74;35837150710.55;0;0;2;9753816942349.756;RUB;4930146741.214100;3;
SNDX;IMOEX;2022-10-20;Индекс МосБиржи;Индекс МосБиржи;2025.51;1998.74;2032.58;1991.09;35871004460.3;0;0;2;9986071168198.123;RUB;4930146741.214100;3;
SNDX;IMOEX;2022-10-21;Индекс МосБиржи;Индекс МосБиржи;2043.71;2026.44;2049;2000.68;35187924135.05;0;0;2;10075790014288.482;RUB;4930146741.214100;3;
SNDX;IMOEX;2022-10-24;Индекс МосБиржи;Индекс МосБиржи;2063.95;2070.36;2088.31;2048.37;32652624967.05;0;0;2;10175575419979.822;RUB;4930146741.214100;3;
SNDX;IMOEX;2022-10-25;Индекс МосБиржи;Индекс МосБиржи;2130.65;2066.28;2130.65;2058.09;42887815544.05;0;0;2;10504426038008.812;RUB;4930146741.214100;3;
SNDX;IMOEX;2022-10-26;Индекс МосБиржи;Индекс МосБиржи;2120.58;2131.18;2144.56;2093.12;42015203006.9;0;0;2;10454762285554.521;RUB;4930146741.214100;3;
SNDX;IMOEX;2022-10-27;Индекс МосБиржи;Индекс МосБиржи;2164.64;2133.81;2164.64;2123.57;41008408450.6;0;0;2;10672001047475.965;RUB;4930146741.214100;3;
SNDX;IMOEX;2022-10-28;Индекс МосБиржи;Индекс МосБиржи;2167.7;2154.28;2171.88;2130.75;43444621093.25;0;0;2;10687056886494.195;RUB;4930146741.214100;3;
SNDX;IMOEX;2022-10-31;Индекс МосБиржи;Индекс МосБиржи;2166.61;2173;2184.38;2155.75;31288260044.75;0;0;2;10681704490963.467;RUB;4930146741.214100;3;
SNDX;IMOEX;2022-11-01;Индекс МосБиржи;Индекс МосБиржи;2174.35;2179.15;2185.6;2161.18;21732654118.25;0;0;2;10719850615029.979;RUB;4930146741.214100;3;
SNDX;IMOEX;2022-11-02;Индекс МосБиржи;Индекс МосБиржи;2173.84;2178.25;2184.89;2160.56;22031567419.25;0;0;2;10717344372983.096;RUB;4930146741.214100;3;
SNDX;IMOEX;2022-11-03;Индекс МосБиржи;Индекс МосБиржи;2155.92;2145.54;2156.78;2123.32;25792024221.25;0;0;2;10629017351388.7;RUB;4930146741.214100;3;
SNDX;IMOEX;2022-11-07;Индекс МосБиржи;Индекс МосБиржи;2208.78;2176.33;2208.78;2172.34;41425843846.95;0;0;2;10889620233736.729;RUB;4930146741.214100;3;
SNDX;IMOEX;2022-11-08;Индекс МосБиржи;Индекс МосБиржи;2207.2;2213.39;2221.13;2188.22;37767596384.3;0;0;2;10881831613888.168;RUB;4930146741.214100;3;
SNDX;IMOEX;2022-11-09;Индекс МосБиржи;Индекс МосБиржи;2166.56;2201.06;2205.92;2166.42;32153634675.1;0;0;2;10681443258477.21;RUB;4930146741.214100;3;
SNDX;IMOEX;2022-11-10;Индекс МосБиржи;Индекс МосБиржи;2210.02;2167.96;2211.21;2161.57;50837891634.05;0;0;2;10895740491611.6;RUB;4930146741.214100;3;
SNDX;IMOEX;2022-11-11;Индекс МосБиржи;Индекс МосБиржи;2217.44;2221.68;2224.97;2204.33;35129623599.9;0;0;2;10932297547295.443;RUB;4930146741.214100;3;
SNDX;IMOEX;2022-11-14;Индекс МосБиржи;Индекс МосБиржи;2244.77;2230.8;2245.9;2221.31;39642803675.8;0;0;2;11067049394438.617;RUB;4930146741.214100;3;
SNDX;IMOEX;2022-11-15;Индекс МосБиржи;Индекс МосБиржи;2223.26;2249.22;2254.94;2211.19;36552526475.9;0;0;2;10960978460065.717;RUB;4930146741.214100;3;
SNDX;IMOEX;2022-11-16;Индекс МосБиржи;Индекс МосБиржи;2227.19;2199.1;2232.83;2191.95;29153605996.45;0;0;2;10980368556811.67;RUB;4930146741.214100;3;
SNDX;IMOEX;2022-11-17;Индекс МосБиржи;Индекс МосБиржи;2212.93;2227.54;2235.76;2200.11;24154127523.05;0;0;2;10910073733332.514;RUB;4930146741.214100;3;
SNDX;IMOEX;2022-11-18;Индекс МосБиржи;Индекс МосБиржи;2206.32;2208.39;2211.7;2189.93;19150662557.8;0;0;2;10877464051138.74;RUB;4930146741.214100;3;
SNDX;IMOEX;2022-11-21;Индекс МосБиржи;Индекс МосБиржи;2166.31;2204.9;2204.9;2161.35;28464891091.05;0;0;2;10680226337858.496;RUB;4930146741.214100;3;
SNDX;IMOEX;2022-11-22;Индекс МосБиржи;Индекс МосБиржи;2196.04;2179.76;2200.06;2169.62;21690712689;0;0;2;10826798314369.484;RUB;4930146741.214100;3;
SNDX;IMOEX;2022-11-23;Индекс МосБиржи;Индекс МосБиржи;2211.89;2196.24;2217.4;2180.64;32870895270.55;0;0;2;10904938208483.479;RUB;4930146741.214100;3;
SNDX;IMOEX;2022-11-24;Индекс МосБиржи;Индекс МосБиржи;2210.95;2214.14;2225.92;2206.12;20472685548.4;0;0;2;10900328982456.467;RUB;4930146741.214100;3;
SNDX;IMOEX;2022-11-25;Индекс МосБиржи;Индекс МосБиржи;2195.17;2209.31;2211.1;2190.67;18973705982.5;0;0;2;10822487848264.168;RUB;4930146741.214100;3;
SNDX;IMOEX;2022-11-28;Индекс МосБиржи;Индекс МосБиржи;2177.45;2180.32;2182.16;2163.44;25255954654.45;0;0;2;10735141131396.525;RUB;4930146741.214100;3;
SNDX;IMOEX;2022-11-29;Индекс МосБиржи;Индекс МосБиржи;2185.32;2180.65;2191.44;2178.34;21033978164.9;0;0;2;10773967606908.13;RUB;4930146741.214100;3;
SNDX;IMOEX;2022-11-30;Индекс МосБиржи;Индекс МосБиржи;2174.53;2184.27;2184.27;2172.67;15628414954.25;0;0;2;10720729715996.59;RUB;4930146741.214100;3;
SNDX;IMOEX;2022-12-01;Индекс МосБиржи;Индекс МосБиржи;2187.29;2189.65;2193.41;2183.57;20487790535;0;0;2;10783667912066.855;RUB;4930146741.214100;3;
SNDX;IMOEX;2022-12-02;Индекс МосБиржи;Индекс МосБиржи;2180.44;2189.19;2189.35;2173.48;22206009036.85;0;0;2;10749902037240.51;RUB;4930146741.214100;3;
SNDX;IMOEX;2022-12-05;Индекс МосБиржи;Индекс МосБиржи;2208.28;2179.79;2210.7;2174.17;36556414504.95;0;0;2;10887128383855.426;RUB;4930146741.214100;3;
SNDX;IMOEX;2022-12-06;Индекс МосБиржи;Индекс МосБиржи;2196.24;2204.51;2208.36;2184.65;22011415280.2;0;0;2;10827761346091.404;RUB;4930146741.214100;3;
SNDX;IMOEX;2022-12-07;Индекс МосБиржи;Индекс МосБиржи;2192.88;2185.01;2193.71;2166.77;27417051222.95;0;0;2;10811206606360.305;RUB;4930146741.214100;3;
SNDX;IMOEX;2022-12-08;Индекс МосБиржи;Индекс МосБиржи;2184.43;2196.17;2197.77;2174.57;22523116709.55;0;0;2;10769567540232.857;RUB;4930146741.214100;3;
SNDX;IMOEX;2022-12-09;Индекс МосБиржи;Индекс МосБиржи;2177.85;2178.93;2183.97;2169.04;16733074100.55;0;0;2;10737129730289.223;RUB;4930146741.214100;3;
SNDX;IMOEX;2022-12-12;Индекс МосБиржи;Индекс МосБиржи;2173.16;2178.33;2185.49;2163.33;19308247875.05;0;0;2;10713977284682.082;RUB;4930146741.214100;3;
SNDX;IMOEX;2022-12-13;Индекс МосБиржи;Индекс МосБиржи;2174.38;2175.29;2177.95;2154.52;24793682504.95;0;0;2;10720024225414.434;RUB;4930146741.214100;3;
SNDX;IMOEX;2022-12-14;Индекс МосБиржи;Индекс МосБиржи;2159.81;2171.12;2171.31;2154.65;20963085762.75;0;0;2;10648190103411.47;RUB;4930146741.214100;3;
SNDX;IMOEX;2022-12-15;Индекс МосБиржи;Индекс МосБиржи;2126.8;2151.69;2151.69;2115.21;30466746003.55;0;0;2;10485422934974.064;RUB;4930146741.214100;3;
SNDX;IMOEX;2022-12-16;Индекс МосБиржи;Индекс МосБиржи;2132.75;2118.43;2135.79;2116.08;19713454690.15;0;0;2;10392622956492.56;RUB;4872878799.527200;3;
SNDX;IMOEX;2022-12-19;Индекс МосБиржи;Индекс МосБиржи;2129.98;2131.33;2139.07;2109.56;30518978665.2;0;0;2;10379137903600.266;RUB;4872878799.527200;3;
SNDX;IMOEX;2022-12-20;Индекс МосБиржи;Индекс МосБиржи;2119.37;2071.1;2119.37;2070.58;34192361634.1;0;0;2;10327435125487.426;RUB;4872878799.527200;3;
SNDX;IMOEX;2022-12-21;Индекс МосБиржи;Индекс МосБиржи;2116.13;2135.41;2139.49;2102.24;30181774160.05;0;0;2;10311637566810.248;RUB;4872878799.527200;3;
SNDX;IMOEX;2022-12-22;Индекс МосБиржи;Индекс МосБиржи;2122.91;2124.37;2134.48;2114.91;22386857843.15;0;0;2;10344685411592.67;RUB;4872878799.527200;3;
SNDX;IMOEX;2022-12-23;Индекс МосБиржи;Индекс МосБиржи;2124.02;2121.99;2128.27;2110.59;17531982626.35;0;0;2;10350082657423.377;RUB;4872878799.527200;3;
SNDX;IMOEX;2022-12-26;Индекс МосБиржи;Индекс МосБиржи;2139.21;2126.4;2139.78;2126.4;21299933246.1;0;0;2;10424089206626.158;RUB;4872878799.527200;3;
SNDX;IMOEX;2022-12-27;Индекс МосБиржи;Индекс МосБиржи;2150.92;2142.08;2154.35;2138.11;21591490276.15;0;0;2;10481169442628.35;RUB;4872878799.527200;3;
SNDX;IMOEX;2022-12-28;Индекс МосБиржи;Индекс МосБиржи;2139.77;2150.12;2152.47;2136.68;18811163578.05;0;0;2;10426825462941.941;RUB;4872878799.527200;3;
SNDX;IMOEX;2022-12-29;Индекс МосБиржи;Индекс МосБиржи;2147.06;2135.91;2149.94;2134.48;15793852418.55;0;0;2;10462372983907.627;RUB;4872878799.527200;3;
SNDX;IMOEX;2022-12-30;Индекс МосБиржи;Индекс МосБиржи;2154.12;2149.83;2154.47;2139.79;16664943291.65;0;0;2;10496755616515.164;RUB;4872878799.527200;3;
SNDX;IMOEX;2023-01-03;Индекс МосБиржи;Индекс МосБиржи;2172.68;2157.18;2174.23;2157.18;12690309378.95;0;0;2;10587205427528.945;RUB;4872878799.527200;3;
SNDX;IMOEX;2023-01-04;Индекс МосБиржи;Индекс МосБиржи;2168.42;2171.54;2179.56;2162.06;11510044721.05;0;0;2;10566458572232.715;RUB;4872878799.527200;3;
SNDX;IMOEX;2023-01-05;Индекс МосБиржи;Индекс МосБиржи;2156.67;2170.4;2171.94;2154.16;9783315405;0;0;2;10509198790874.674;RUB;4872878799.527200;3;
SNDX;IMOEX;2023-01-06;Индекс МосБиржи;Индекс МосБиржи;2156.39;2157.32;2160.08;2153.32;7622557637.8;0;0;2;10507820085549.648;RUB;4872878799.527200;3;
SNDX;IMOEX;2023-01-09;Индекс МосБиржи;Индекс МосБиржи;2163.5;2163.43;2169.71;2162.01;18179113212.1;0;0;2;10542458891228.162;RUB;4872878799.527200;3;
SNDX;IMOEX;2023-01-10;Индекс МосБиржи;Индекс МосБиржи;2159.51;2162.7;2162.92;2145.14;14600174654.45;0;0;2;10523040550266.934;RUB;4872878799.527200;3;
SNDX;IMOEX;2023-01-11;Индекс МосБиржи;Индекс МосБиржи;2186.98;2156.28;2190.4;2153.55;35257346290.55;0;0;2;10656881539701.537;RUB;4872878799.527200;3;
SNDX;IMOEX;2023-01-12;Индекс МосБиржи;Индекс МосБиржи;2185.93;2193.53;2194.8;2177.36;21456804414;0;0;2;10651792146929.168;RUB;4872878799.527200;3;
SNDX;IMOEX;2023-01-13;Индекс МосБиржи;Индекс МосБиржи;2199.94;2188.6;2204.18;2179.82;27688238742.05;0;0;2;10720048216694.314;RUB;4872878799.527200;3;
SNDX;IMOEX;2023-01-16;Индекс МосБиржи;Индекс МосБиржи;2224.9;2204.64;2224.9;2204.46;27333518945;0;0;2;10841688614949.182;RUB;4872878799.527200;3;
SNDX;IMOEX;2023-01-17;Индекс МосБиржи;Индекс МосБиржи;2196.84;2225.26;2226.49;2196.84;31460321183.45;0;0;2;10704919197227.865;RUB;4872878799.527200;3;
SNDX;IMOEX;2023-01-18;Индекс МосБиржи;Индекс МосБиржи;2196.26;2188.9;2206.66;2177.65;24434857167.75;0;0;2;10702112236966.963;RUB;4872878799.527200;3;
SNDX;IMOEX;2023-01-19;Индекс МосБиржи;Индекс МосБиржи;2168.83;2190.02;2193.93;2162.11;25621313385.4;0;0;2;10568454598232.611;RUB;4872878799.527200;3;
SNDX;IMOEX;2023-01-20;Индекс МосБиржи;Индекс МосБиржи;2166.69;2167.61;2173.71;2154.37;18882607247.05;0;0;2;10558003980397.912;RUB;4872878799.527200;3;
SNDX;IMOEX;2023-01-23;Индекс МосБиржи;Индекс МосБиржи;2185.31;2167.92;2186.85;2164.89;23076679749.25;0;0;2;10648761962650.852;RUB;4872878799.527200;3;
SNDX;IMOEX;2023-01-24;Индекс МосБиржи;Индекс МосБиржи;2172.75;2191.64;2199.29;2172.75;29120905166.5;0;0;2;10587537392249.762;RUB;4872878799.527200;3;
SNDX;IMOEX;2023-01-25;Индекс МосБиржи;Индекс МосБиржи;2170.15;2168.48;2176.61;2160.76;22637391195.2;0;0;2;10574883604203.674;RUB;4872878799.527200;3;
SNDX;IMOEX;2023-01-26;Индекс МосБиржи;Индекс МосБиржи;2166.92;2181.96;2183.77;2166.92;22684239621.05;0;0;2;10559136812615.068;RUB;4872878799.527200;3;
SNDX;IMOEX;2023-01-27;Индекс МосБиржи;Индекс МосБиржи;2189.35;2174.85;2189.35;2167.33;22277273691.3;0;0;2;10668453907299.012;RUB;4872878799.527200;3;
SNDX;IMOEX;2023-01-30;Индекс МосБиржи;Индекс МосБиржи;2204.41;2193.99;2204.41;2189.12;25349957927;0;0;2;10741822664446.68;RUB;4872878799.527200;3;
SNDX;IMOEX;2023-01-31;Индекс МосБиржи;Индекс МосБиржи;2225.6;2203.57;2225.6;2202.76;33469998785.2;0;0;2;10845064559372.21;RUB;4872878799.527200;3;
SNDX;IMOEX;2023-02-01;Индекс МосБиржи;Индекс МосБиржи;2230.15;2232.02;2247.12;2224.95;39359470583.55;0;0;2;10867245250404.992;RUB;4872878799.527200;3;
SNDX;IMOEX;2023-02-02;Индекс МосБиржи;Индекс МосБиржи;2243.54;2243.04;2249.56;2228.56;32836232460.1;0;0;2;10932507528731.123;RUB;4872878799.527200;3;
SNDX;IMOEX;2023-02-03;Индекс МосБиржи;Индекс МосБиржи;2248.3;2239.1;2253.7;2216.63;43326732161.75;0;0;2;10955673295177.654;RUB;4872878799.527200;3;
SNDX;IMOEX;2023-02-06;Индекс МосБиржи;Индекс МосБиржи;2272.37;2245.93;2276.5;2243.77;41978396753.15;0;0;2;11072983584286.545;RUB;4872878799.527200;3;
SNDX;IMOEX;2023-02-07;Индекс МосБиржи;Индекс МосБиржи;2267.69;2281.69;2290.51;2262.3;41070831270.9;0;0;2;11050187894740.611;RUB;4872878799.527200;3;
SNDX;IMOEX;2023-02-08;Индекс МосБиржи;Индекс МосБиржи;2251.97;2273.59;2283.49;2244.52;36352162036.05;0;0;2;10973575269332.123;RUB;4872878799.527200;3;
SNDX;IMOEX;2023-02-09;Индекс МосБиржи;Индекс МосБиржи;2262.45;2258.97;2269.96;2241.02;36719582060.2;0;0;2;11024649435793.713;RUB;4872878799.527200;3;
SNDX;IMOEX;2023-02-10;Индекс МосБиржи;Индекс МосБиржи;2261.58;2253.51;2264.39;2249.62;20751973737.05;0;0;2;11020407599288.334;RUB;4872878799.527200;3;
SNDX;IMOEX;2023-02-13;Индекс МосБиржи;Индекс МосБиржи;2264.27;2262.65;2271;2261.37;18435819331.55;0;0;2;11033517487915.928;RUB;4872878799.527200;3;
SNDX;IMOEX;2023-02-14;Индекс МосБиржи;Индекс МосБиржи;2232.23;2256.59;2256.96;2225.94;31061645096.45;0;0;2;10877398728837.654;RUB;4872878799.527200;3;
SNDX;IMOEX;2023-02-15;Индекс МосБиржи;Индекс МосБиржи;2166.46;2216.69;2216.69;2164.7;42803893942.3;0;0;2;10556883576236.904;RUB;4872878799.527200;3;
SNDX;IMOEX;2023-02-16;Индекс МосБиржи;Индекс МосБиржи;2153.96;2169.39;2186.64;2150.17;33206834832.25;0;0;2;10495994556321.363;RUB;4872878799.527200;3;
SNDX;IMOEX;2023-02-17;Индекс МосБиржи;Индекс МосБиржи;2168.88;2157.5;2180.96;2147.31;23626925959.6;0;0;2;10568687698962.19;RUB;4872878799.527200;3;
SNDX;IMOEX;2023-02-20;Индекс МосБиржи;Индекс МосБиржи;2183.57;2172.53;2186.39;2140.78;30085172953.75;0;0;2;10640295300486.303;RUB;4872878799.527200;3;
SNDX;IMOEX;2023-02-21;Индекс МосБиржи;Индекс МосБиржи;2212.42;2184.6;2227.82;2184.51;49606379523.4;0;0;2;10780858074287.146;RUB;4872878799.527200;3;
SNDX;IMOEX;2023-02-22;Индекс МосБиржи;Индекс МосБиржи;2212.4;2215.43;2215.58;2194.99;20589616471.8;0;0;2;10780749742243.527;RUB;4872878799.527200;3;
SNDX;IMOEX;2023-02-24;Индекс МосБиржи;Индекс МосБиржи;2208.03;2209.1;2223.23;2202.25;18979268125.35;0;0;2;10759460032750.664;RUB;4872878799.527200;3;
SNDX;IMOEX;2023-02-27;Индекс МосБиржи;Индекс МосБиржи;2241.1;2194.39;2241.1;2188.95;36711171319.1;0;0;2;10920618826848.03;RUB;4872878799.527200;3;
SNDX;IMOEX;2023-02-28;Индекс МосБиржи;Индекс МосБиржи;2253.16;2246.26;2258.68;2239.59;37023209047.6;0;0;2;10979355635977.969;RUB;4872878799.527200;3;
SNDX;IMOEX;2023-03-01;Индекс МосБиржи;Индекс МосБиржи;2279.65;2258.89;2287.48;2255.45;40016502886.95;0;0;2;11108451128038.91;RUB;4872878799.527200;3;
SNDX;IMOEX;2023-03-02;Индекс МосБиржи;Индекс МосБиржи;2254.3;2284.87;2286.27;2235.43;50749873558.3;0;0;2;10984952404565.182;RUB;4872878799.527200;3;
SNDX;IMOEX;2023-03-03;Индекс МосБиржи;Индекс МосБиржи;2272.2;2250.12;2273.52;2249.81;26705003484.35;0;0;2;11072154215669.865;RUB;4872878799.527200;3;
SNDX;IMOEX;2023-03-06;Индекс МосБиржи;Индекс МосБиржи;2294.12;2286.2;2297.86;2283.4;33614803020.6;0;0;2;11178962340377.379;RUB;4872878799.527200;3;
SNDX;IMOEX;2023-03-07;Индекс МосБиржи;Индекс МосБиржи;2295.6;2294.32;2298.93;2281.46;24580193073.35;0;0;2;11186173839517.635;RUB;4872878799.527200;3;
SNDX;IMOEX;2023-03-09;Индекс МосБиржи;Индекс МосБиржи;2290.14;2295.03;2302.1;2278.95;28764398015.85;0;0;2;11159571490689.105;RUB;4872878799.527200;3;
SNDX;IMOEX;2023-03-10;Индекс МосБиржи;Индекс МосБиржи;2276.25;2272.61;2283.18;2266.33;28442547978.2;0;0;2;11091901803830.39;RUB;4872878799.527200;3;
SNDX;IMOEX;2023-03-13;Индекс МосБиржи;Индекс МосБиржи;2269.47;2279.13;2289.7;2250.14;40590100977.2;0;0;2;11058855621302.031;RUB;4872878799.527200;3;
SNDX;IMOEX;2023-03-14;Индекс МосБиржи;Индекс МосБиржи;2290.32;2266.78;2290.32;2261.65;37222691640.25;0;0;2;11160464327692.61;RUB;4872878799.527200;3;
SNDX;IMOEX;2023-03-15;Индекс МосБиржи;Индекс МосБиржи;2262.07;2287.16;2295.06;2257;40845107270.85;0;0;2;11022789915156.773;RUB;4872878799.527200;3;
SNDX;IMOEX;2023-03-16;Индекс МосБиржи;Индекс МосБиржи;2258.22;2262.61;2269.01;2236.77;35593046390.65;0;0;2;11004052137089.344;RUB;4872878799.527200;3;
SNDX;IMOEX;2023-03-17;Индекс МосБиржи;Индекс МосБиржи;2322.78;2284.78;2322.78;2275.48;108087768758.2;0;0;2;7935349693970.64;RUB;3416313660.293600;3;
SNDX;IMOEX;2023-03-20;Индекс МосБиржи;Индекс МосБиржи;2397.16;2337.83;2397.16;2332.8;84163284261.5;0;0;2;8189441143720.659;RUB;3416313660.293600;3;
SNDX;IMOEX;2023-03-21;Индекс МосБиржи;Индекс МосБиржи;2398.15;2417.43;2431.23;2383.08;74773280093.7;0;0;2;8192841415556.104;RUB;3416313660.293600;3;
SNDX;IMOEX;2023-03-22;Индекс МосБиржи;Индекс МосБиржи;2393.88;2387.81;2398.76;2374.46;34290916792.5;0;0;2;8178232878410.135;RUB;3416313660.293600;3;
SNDX;IMOEX;2023-03-23;Индекс МосБиржи;Индекс МосБиржи;2388.35;2386.7;2396.5;2379.88;23579664336.45;0;0;2;8159345333959.226;RUB;3416313660.293600;3;
SNDX;IMOEX;2023-03-24;Индекс МосБиржи;Индекс МосБиржи;2391.53;2386.53;2394.03;2384.29;20820009237.3;0;0;2;8170228025027.408;RUB;3416313660.293600;3;
SNDX;IMOEX;2023-03-27;Индекс МосБиржи;Индекс МосБиржи;2440.68;2400.84;2440.68;2400.84;47214135240.05;0;0;2;8338117608274.008;RUB;3416313660.293600;3;
SNDX;IMOEX;2023-03-28;Индекс МосБиржи;Индекс МосБиржи;2442.19;2453.26;2458.37;2421.39;41688810661.95;0;0;2;8343302896928.429;RUB;3416313660.293600;3;
SNDX;IMOEX;2023-03-29;Индекс МосБиржи;Индекс МосБиржи;2460.87;2449.96;2468.48;2437.52;45339433902.8;0;0;2;8407099977253.9375;RUB;3416313660.293600;3;
SNDX;IMOEX;2023-03-30;Индекс МосБиржи;Индекс МосБиржи;2465.93;2458.06;2467.97;2450.46;29588518563.9;0;0;2;8424380969518.016;RUB;3416313660.293600;3;
SNDX;IMOEX;2023-03-31;Индекс МосБиржи;Индекс МосБиржи;2450.67;2470.12;2472.53;2424.45;49152762590.45;0;0;2;8372244778665.914;RUB;3416313660.293600;3;
SNDX;IMOEX;2023-04-03;Индекс МосБиржи;Индекс МосБиржи;2473.32;2474.37;2482.54;2463;48168034560.8;0;0;2;8449627938621.639;RUB;3416313660.293600;3;
SNDX;IMOEX;2023-04-04;Индекс МосБиржи;Индекс МосБиржи;2480.45;2483.47;2511.49;2479.24;61460346597.1;0;0;2;8474001632745.146;RUB;3416313660.293600;3;
SNDX;IMOEX;2023-04-05;Индекс МосБиржи;Индекс МосБиржи;2500.8;2489.18;2500.8;2465.77;46265010869.7;0;0;2;8543521770824.511;RUB;3416313660.293600;3;
SNDX;IMOEX;2023-04-06;Индекс МосБиржи;Индекс МосБиржи;2498.3;2504.06;2521.81;2498.3;43371731593.55;0;0;2;8534971155098.495;RUB;3416313660.293600;3;
SNDX;IMOEX;2023-04-07;Индекс МосБиржи;Индекс МосБиржи;2508.39;2504.04;2511.95;2491.37;28962641538.35;0;0;2;8569461305478.541;RUB;3416313660.293600;3;
SNDX;IMOEX;2023-04-10;Индекс МосБиржи;Индекс МосБиржи;2547.35;2523.2;2548.41;2523.2;51000274967.7;0;0;2;8702556348712.406;RUB;3416313660.293600;3;
SNDX;IMOEX;2023-04-11;Индекс МосБиржи;Индекс МосБиржи;2533.69;2560.04;2577.51;2515.83;82411991848;0;0;2;8655864737269.311;RUB;3416313660.293600;3;
SNDX;IMOEX;2023-04-12;Индекс МосБиржи;Индекс МосБиржи;2538.47;2538.62;2554.77;2520.65;39292795917.3;0;0;2;8672197132884.994;RUB;3416313660.293600;3;
SNDX;IMOEX;2023-04-13;Индекс МосБиржи;Индекс МосБиржи;2544.28;2546.98;2557.58;2528.06;31298785613;0;0;2;8692051960940.603;RUB;3416313660.293600;3;
SNDX;IMOEX;2023-04-14;Индекс МосБиржи;Индекс МосБиржи;2554.85;2546.93;2554.85;2532.39;33758690384.55;0;0;2;8728164435667.444;RUB;3416313660.293600;3;
SNDX;IMOEX;2023-04-17;Индекс МосБиржи;Индекс МосБиржи;2596.11;2572.54;2596.45;2572.54;48786704257.95;0;0;2;8869127748679.992;RUB;3416313660.293600;3;
SNDX;IMOEX;2023-04-18;Индекс МосБиржи;Индекс МосБиржи;2615.62;2601.34;2615.62;2586.05;55299787219.85;0;0;2;8935788810793.18;RUB;3416313660.293600;3;
SNDX;IMOEX;2023-04-19;Индекс МосБиржи;Индекс МосБиржи;2606.55;2617.91;2629.01;2584.96;75124691893.3;0;0;2;8904802337912.73;RUB;3416313660.293600;3;
SNDX;IMOEX;2023-04-20;Индекс МосБиржи;Индекс МосБиржи;2637.85;2600.71;2640.78;2565.61;75946446478.25;0;0;2;9011733043074.742;RUB;3416313660.293600;3;
SNDX;IMOEX;2023-04-21;Индекс МосБиржи;Индекс МосБиржи;2639.95;2640.99;2648.21;2626.94;57200329084.4;0;0;2;9018902140440.143;RUB;3416313660.293600;3;
SNDX;IMOEX;2023-04-24;Индекс МосБиржи;Индекс МосБиржи;2635.43;2636.76;2651.8;2609.4;39712592822.4;0;0;2;9003442698911.377;RUB;3416313660.293600;3;
SNDX;IMOEX;2023-04-25;Индекс МосБиржи;Индекс МосБиржи;2626.86;2639.67;2642.12;2619.67;32157208711;0;0;2;8974193352924.018;RUB;3416313660.293600;3;
SNDX;IMOEX;2023-04-26;Индекс МосБиржи;Индекс МосБиржи;2620.33;2625.62;2631.13;2614.98;31901400374.2;0;0;2;8951881915601.342;RUB;3416313660.293600;3;
SNDX;IMOEX;2023-04-27;Индекс МосБиржи;Индекс МосБиржи;2646.18;2620.65;2646.18;2617.04;58564323144.4;0;0;2;9040168917242.803;RUB;3416313660.293600;3;
SNDX;IMOEX;2023-04-28;Индекс МосБиржи;Индекс МосБиржи;2634.94;2653.93;2657.9;2608.02;51130716753.3;0;0;2;9001797276234.36;RUB;3416313660.293600;3;
SNDX;IMOEX;2023-05-02;Индекс МосБиржи;Индекс МосБиржи;2580.51;2623.29;2635.53;2560.09;63970845685.6;0;0;2;8815844494102.053;RUB;3416313660.293600;3;
SNDX;IMOEX;2023-05-03;Индекс МосБиржи;Индекс МосБиржи;2532.42;2585.4;2586.17;2532.42;54409373737.95;0;0;2;8651535406895.707;RUB;3416313660.293600;3;
SNDX;IMOEX;2023-05-04;Индекс МосБиржи;Индекс МосБиржи;2524.51;2524.97;2547.2;2524.36;38680596602.8;0;0;2;8624513934872.599;RUB;3416313660.293600;3;
SNDX;IMOEX;2023-05-05;Индекс МосБиржи;Индекс МосБиржи;2538.24;2544.47;2555.39;2529.08;35453025873.55;0;0;2;8671416417383.243;RUB;3416313660.293600;3;
SNDX;IMOEX;2023-05-08;Индекс МосБиржи;Индекс МосБиржи;2527.59;2528.74;2538.23;2513.84;20351667294.1;0;0;2;8635050018100.714;RUB;3416313660.293600;3;
SNDX;IMOEX;2023-05-10;Индекс МосБиржи;Индекс МосБиржи;2548.63;2483.92;2556.67;2483.79;70959379219.55;0;0;2;8706903653594.126;RUB;3416313660.293600;3;
SNDX;IMOEX;2023-05-11;Индекс МосБиржи;Индекс МосБиржи;2595.12;2573.41;2610.8;2567.98;74640203057.4;0;0;2;8865744021694.139;RUB;3416313660.293600;3;
SNDX;IMOEX;2023-05-12;Индекс МосБиржи;Индекс МосБиржи;2565.17;2570.65;2584.91;2552.05;37663735250.9;0;0;2;8763415222831.624;RUB;3416313660.293600;3;
SNDX;IMOEX;2023-05-15;Индекс МосБиржи;Индекс МосБиржи;2611.07;2581.64;2611.71;2581.64;43944338845.4;0;0;2;8920221047703.252;RUB;3416313660.293600;3;
SNDX;IMOEX;2023-05-16;Индекс МосБиржи;Индекс МосБиржи;2633.71;2645.94;2655.73;2621.59;42646373333.2;0;0;2;8997572326944.398;RUB;3416313660.293600;3;
SNDX;IMOEX;2023-05-17;Индекс МосБиржи;Индекс МосБиржи;2634.48;2637.51;2646.61;2623.15;38940434444.55;0;0;2;9000220076797.857;RUB;3416313660.293600;3;
SNDX;IMOEX;2023-05-18;Индекс МосБиржи;Индекс МосБиржи;2632.91;2650.12;2658.57;2624.49;59453341862.7;0;0;2;8994854789119.396;RUB;3416313660.293600;3;
SNDX;IMOEX;2023-05-19;Индекс МосБиржи;Индекс МосБиржи;2626.16;2627.59;2635.8;2612.47;58915837809.3;0;0;2;8971781184450.158;RUB;3416313660.293600;3;
SNDX;IMOEX;2023-05-22;Индекс МосБиржи;Индекс МосБиржи;2633.26;2648.3;2652.97;2622.35;47631848454.95;0;0;2;8996037401195.492;RUB;3416313660.293600;3;
SNDX;IMOEX;2023-05-23;Индекс МосБиржи;Индекс МосБиржи;2641.66;2641.05;2648.69;2607.63;71936165173.9;0;0;2;9024722774262.549;RUB;3416313660.293600;3;
SNDX;IMOEX;2023-05-24;Индекс МосБиржи;Индекс МосБиржи;2654.99;2643.73;2659.68;2626.43;71756125244.55;0;0;2;9070274296777.79;RUB;3416313660.293600;3;
SNDX;IMOEX;2023-05-25;Индекс МосБиржи;Индекс МосБиржи;2649.98;2662.85;2663.51;2631.03;66820699399.05;0;0;2;9053152168795.559;RUB;3416313660.293600;3;
SNDX;IMOEX;2023-05-26;Индекс МосБиржи;Индекс МосБиржи;2682.03;2650.38;2685.14;2645.54;52536425210.15;0;0;2;9162654927672.277;RUB;3416313660.293600;3;
SNDX;IMOEX;2023-05-29;Индекс МосБиржи;Индекс МосБиржи;2732;2697.46;2732;2697.46;66140079776.4;0;0;2;9333368855282.045;RUB;3416313660.293600;3;
SNDX;IMOEX;2023-05-30;Индекс МосБиржи;Индекс МосБиржи;2698.75;2712.04;2748.6;2687.81;90132343989.3;0;0;2;9219768650538.469;RUB;3416313660.293600;3;
SNDX;IMOEX;2023-05-31;Индекс МосБиржи;Индекс МосБиржи;2717.64;2698.11;2718.27;2676.27;58274293697.45;0;0;2;9284327020498.482;RUB;3416313660.293600;3;
SNDX;IMOEX;2023-06-01;Индекс МосБиржи;Индекс МосБиржи;2721.73;2720.21;2729.97;2709.33;43398021905.95;0;0;2;9298269452143.707;RUB;3416313660.293600;3;
SNDX;IMOEX;2023-06-02;Индекс МосБиржи;Индекс МосБиржи;2719.48;2684.59;2720.47;2684.59;66776774006.3;0;0;2;9290589423429.295;RUB;3416313660.293600;3;
SNDX;IMOEX;2023-06-05;Индекс МосБиржи;Индекс МосБиржи;2694.14;2726.17;2738.82;2679.3;76307627682;0;0;2;9204024197182.428;RUB;3416313660.293600;3;
SNDX;IMOEX;2023-06-06;Индекс МосБиржи;Индекс МосБиржи;2681.25;2667.76;2687.41;2628;76433900154.6;0;0;2;9159979595835.943;RUB;3416313660.293600;3;
SNDX;IMOEX;2023-06-07;Индекс МосБиржи;Индекс МосБиржи;2694.69;2690.94;2711.72;2674.11;55873417951.1;0;0;2;9205918537143.348;RUB;3416313660.293600;3;
SNDX;IMOEX;2023-06-08;Индекс МосБиржи;Индекс МосБиржи;2709.69;2693.6;2709.69;2688.31;38267334626.35;0;0;2;9257156736574.223;RUB;3416313660.293600;3;
SNDX;IMOEX;2023-06-09;Индекс МосБиржи;Индекс МосБиржи;2708.04;2717.2;2721.84;2705.24;39244085182.5;0;0;2;9251523984352.562;RUB;3416313660.293600;3;
SNDX;IMOEX;2023-06-13;Индекс МосБиржи;Индекс МосБиржи;2757.28;2715.31;2757.28;2715.15;52360263412.3;0;0;2;9419721570147.533;RUB;3416313660.293600;3;
SNDX;IMOEX;2023-06-14;Индекс МосБиржи;Индекс МосБиржи;2765.18;2777.2;2786.06;2758.35;59477469249.1;0;0;2;9446719969501.215;RUB;3416313660.293600;3;
SNDX;IMOEX;2023-06-15;Индекс МосБиржи;Индекс МосБиржи;2800.17;2776.77;2809.42;2764.89;70674603849.85;0;0;2;9566264499751.965;RUB;3416313660.293600;3;
SNDX;IMOEX;2023-06-16;Индекс МосБиржи;Индекс МосБиржи;2800.79;2809.28;2813.74;2783.71;46090977475.15;0;0;2;4738859359217.227;RUB;1691971867.395900;3;
SNDX;IMOEX;2023-06-19;Индекс МосБиржи;Индекс МосБиржи;2815.07;2808.04;2816.57;2783.69;67392787319.35;0;0;2;4763027512304.512;RUB;1691971867.395900;3;
SNDX;IMOEX;2023-06-20;Индекс МосБиржи;Индекс МосБиржи;2803.69;2810.14;2814.72;2778;57147026333.9;0;0;2;4743757952004.38;RUB;1691971867.395900;3;
SNDX;IMOEX;2023-06-21;Индекс МосБиржи;Индекс МосБиржи;2819.3;2808.87;2821.88;2794.68;45230035006.2;0;0;2;4770175076451.366;RUB;1691971867.395900;3;
SNDX;IMOEX;2023-06-22;Индекс МосБиржи;Индекс МосБиржи;2815.83;2817.3;2820.43;2805.92;34384928911.25;0;0;2;4764308220234.469;RUB;1691971867.395900;3;
SNDX;IMOEX;2023-06-23;Индекс МосБиржи;Индекс МосБиржи;2795.06;2790.04;2795.06;2767.82;44229380378.2;0;0;2;4729161973561.322;RUB;1691971867.395900;3;
SNDX;IMOEX;2023-06-26;Индекс МосБиржи;Индекс МосБиржи;2757.13;2771.52;2784.28;2741.33;55763545917.45;0;0;2;4664994106799.458;RUB;1691971867.395900;3;
SNDX;IMOEX;2023-06-27;Индекс МосБиржи;Индекс МосБиржи;2776.63;2759.61;2785.33;2743.07;54247868187.05;0;0;2;4697973270827.252;RUB;1691971867.395900;3;
SNDX;IMOEX;2023-06-28;Индекс МосБиржи;Индекс МосБиржи;2780.92;2781.1;2787.52;2766.93;50203546474.6;0;0;2;4705242787362.096;RUB;1691971867.395900;3;
SNDX;IMOEX;2023-06-29;Индекс МосБиржи;Индекс МосБиржи;2796.41;2790.27;2804.8;2783.53;45359611884.85;0;0;2;4731448880638.698;RUB;1691971867.395900;3;
SNDX;IMOEX;2023-06-30;Индекс МосБиржи;Индекс МосБиржи;2797.37;2796;2800.12;2779.61;43918551469.5;0;0;2;4733068796580.252;RUB;1691971867.395900;3;
SNDX;IMOEX;2023-07-03;Индекс МосБиржи;Индекс МосБиржи;2793.93;2795.58;2804.93;2790.81;53480309453.55;0;0;2;4727249686411.1455;RUB;1691971867.395900;3;
SNDX;IMOEX;2023-07-04;Индекс МосБиржи;Индекс МосБиржи;2808.22;2798.02;2808.22;2776.79;50001620295.6;0;0;2;4751430771146.655;RUB;1691971867.395900;3;
SNDX;IMOEX;2023-07-05;Индекс МосБиржи;Индекс МосБиржи;2805;2795.4;2813.76;2795.4;40919409057.8;0;0;2;4745984021104.531;RUB;1691971867.395900;3;
SNDX;IMOEX;2023-07-06;Индекс МосБиржи;Индекс МосБиржи;2819.6;2816.74;2837.49;2813.38;49025725832.85;0;0;2;4770680750352.894;RUB;1691971867.395900;3;
SNDX;IMOEX;2023-07-07;Индекс МосБиржи;Индекс МосБиржи;2832.51;2823.89;2832.82;2814.38;35233849809;0;0;2;4792518982642.536;RUB;1691971867.395900;3;
SNDX;IMOEX;2023-07-10;Индекс МосБиржи;Индекс МосБиржи;2856.76;2838.85;2864.32;2838.52;87970608406.8;0;0;2;4833551248522.429;RUB;1691971867.395900;3;
SNDX;IMOEX;2023-07-11;Индекс МосБиржи;Индекс МосБиржи;2860.33;2865.64;2867.36;2851.01;54684261681;0;0;2;4839595569306.842;RUB;1691971867.395900;3;
SNDX;IMOEX;2023-07-12;Индекс МосБиржи;Индекс МосБиржи;2896.83;2870.61;2897.28;2870.61;49227664370.65;0;0;2;4901349033822.364;RUB;1691971867.395900;3;
SNDX;IMOEX;2023-07-13;Индекс МосБиржи;Индекс МосБиржи;2885.63;2899.98;2912.15;2873;49847140055.9;0;0;2;4882410960163.515;RUB;1691971867.395900;3;
SNDX;IMOEX;2023-07-14;Индекс МосБиржи;Индекс МосБиржи;2902.72;2882.96;2902.72;2874.44;39987004923.45;0;0;2;4911321887694.782;RUB;1691971867.395900;3;
SNDX;IMOEX;2023-07-17;Индекс МосБиржи;Индекс МосБиржи;2917.61;2889.09;2917.72;2880.11;53443542845.8;0;0;2;4936517200086.075;RUB;1691971867.395900;3;
SNDX;IMOEX;2023-07-18;Индекс МосБиржи;Индекс МосБиржи;2954.52;2923.69;2955.81;2922.74;77193330616.55;0;0;2;4998963912615.454;RUB;1691971867.395900;3;
SNDX;IMOEX;2023-07-19;Индекс МосБиржи;Индекс МосБиржи;2943.43;2959.41;2966.72;2938.66;58857210252.15;0;0;2;4980208586339.249;RUB;1691971867.395900;3;
SNDX;IMOEX;2023-07-20;Индекс МосБиржи;Индекс МосБиржи;2917.48;2947.08;2947.29;2905.02;61399540098.3;0;0;2;4936299090560.963;RUB;1691971867.395900;3;
SNDX;IMOEX;2023-07-21;Индекс МосБиржи;Индекс МосБиржи;2923.54;2890.45;2925.54;2889.78;45191958198.35;0;0;2;4946551493816.755;RUB;1691971867.395900;3;
SNDX;IMOEX;2023-07-24;Индекс МосБиржи;Индекс МосБиржи;2937.47;2929.23;2947.17;2925.1;44299432857.5;0;0;2;4970121851008.76;RUB;1691971867.395900;3;
SNDX;IMOEX;2023-07-25;Индекс МосБиржи;Индекс МосБиржи;2975.36;2948.87;2975.36;2943.74;53262100574.35;0;0;2;5034229551851.691;RUB;1691971867.395900;3;
SNDX;IMOEX;2023-07-26;Индекс МосБиржи;Индекс МосБиржи;2970.42;2974.21;2982.47;2954.9;56856463588;0;0;2;5025871187596.713;RUB;1691971867.395900;3;
SNDX;IMOEX;2023-07-27;Индекс МосБиржи;Индекс МосБиржи;2987.85;2975.52;2992.47;2975.52;62041044277.65;0;0;2;5055353059388.515;RUB;1691971867.395900;3;
SNDX;IMOEX;2023-07-28;Индекс МосБиржи;Индекс МосБиржи;3008.61;2986.35;3008.61;2978.12;52041795977.65;0;0;2;5090485771527.836;RUB;1691971867.395900;3;
SNDX;IMOEX;2023-07-31;Индекс МосБиржи;Индекс МосБиржи;3073.5;3026.93;3073.5;3026.93;97511677780.55;0;0;2;5200271474367.244;RUB;1691971867.395900;3;
SNDX;IMOEX;2023-08-01;Индекс МосБиржи;Индекс МосБиржи;3093.64;3085.97;3114.56;3055.25;103557085530.9;0;0;2;5234349805700.343;RUB;1691971867.395900;3;
SNDX;IMOEX;2023-08-02;Индекс МосБиржи;Индекс МосБиржи;3106.46;3096.72;3123.45;3080.63;67996962269.65;0;0;2;5256039252737.304;RUB;1691971867.395900;3;
SNDX;IMOEX;2023-08-03;Индекс МосБиржи;Индекс МосБиржи;3147.8;3111.7;3150.28;3094.27;90891719857.2;0;0;2;5325989576763.994;RUB;1691971867.395900;3;
SNDX;IMOEX;2023-08-04;Индекс МосБиржи;Индекс МосБиржи;3092.44;3158.53;3194.83;3073.69;150969000582.9;0;0;2;5232317899474.792;RUB;1691971867.395900;3;
SNDX;IMOEX;2023-08-07;Индекс МосБиржи;Индекс МосБиржи;3084.08;3120.54;3153.6;3084.08;72453714916.85;0;0;2;5218172691588.235;RUB;1691971867.395900;3;
SNDX;IMOEX;2023-08-08;Индекс МосБиржи;Индекс МосБиржи;3085.31;3077.63;3092.54;3026.72;76068844687.75;0;0;2;5220251448925.098;RUB;1691971867.395900;3;
SNDX;IMOEX;2023-08-09;Индекс МосБиржи;Индекс МосБиржи;3099.52;3106.03;3120.25;3083.77;52718489763.7;0;0;2;5244292539758.615;RUB;1691971867.395900;3;
SNDX;IMOEX;2023-08-10;Индекс МосБиржи;Индекс МосБиржи;3148.86;3122.06;3148.86;3115.85;76284260011.95;0;0;2;5327779853384.839;RUB;1691971867.395900;3;
SNDX;IMOEX;2023-08-11;Индекс МосБиржи;Индекс МосБиржи;3155.51;3158.59;3163.47;3138.04;58933369741.8;0;0;2;5339034073516.603;RUB;1691971867.395900;3;
SNDX;IMOEX;2023-08-14;Индекс МосБиржи;Индекс МосБиржи;3131;3186.47;3225.78;3117.31;145236568216;0;0;2;5297560101039.902;RUB;1691971867.395900;3;
SNDX;IMOEX;2023-08-15;Индекс МосБиржи;Индекс МосБиржи;3115.25;3083.32;3163.74;3068.66;101365702525.95;0;0;2;5270913131200.26;RUB;1691971867.395900;3;
SNDX;IMOEX;2023-08-16;Индекс МосБиржи;Индекс МосБиржи;3049.46;3109.46;3122.34;3015.57;102092119719;0;0;2;5159604832341.3545;RUB;1691971867.395900;3;
SNDX;IMOEX;2023-08-17;Индекс МосБиржи;Индекс МосБиржи;3059.02;3069.81;3076.31;3031.73;58197839880.9;0;0;2;5175769346615.465;RUB;1691971867.395900;3;
SNDX;IMOEX;2023-08-18;Индекс МосБиржи;Индекс МосБиржи;3111.22;3077.78;3111.22;3058.01;52548201795.55;0;0;2;5264090099784.248;RUB;1691971867.395900;3;
SNDX;IMOEX;2023-08-21;Индекс МосБиржи;Индекс МосБиржи;3139.93;3139.29;3150.61;3122.37;67735783243.5;0;0;2;5312674132644.542;RUB;1691971867.395900;3;
SNDX;IMOEX;2023-08-22;Индекс МосБиржи;Индекс МосБиржи;3164.25;3146.42;3172.3;3124.19;83064853846.2;0;0;2;5353829220439.259;RUB;1691971867.395900;3;
SNDX;IMOEX;2023-08-23;Индекс МосБиржи;Индекс МосБиржи;3146.2;3180.39;3184.17;3113.24;77548993173.5;0;0;2;5323273853372.18;RUB;1691971867.395900;3;
SNDX;IMOEX;2023-08-24;Индекс МосБиржи;Индекс МосБиржи;3137.37;3117.02;3137.37;3108.17;40282143311.7;0;0;2;5308334139913.914;RUB;1691971867.395900;3;
SNDX;IMOEX;2023-08-25;Индекс МосБиржи;Индекс МосБиржи;3157.33;3150.03;3158.61;3132.07;39505389067.35;0;0;2;5342117477786.839;RUB;1691971867.395900;3;
SNDX;IMOEX;2023-08-28;Индекс МосБиржи;Индекс МосБиржи;3198.72;3161.36;3202.24;3161.36;63409284339.85;0;0;2;5412142718592.657;RUB;1691971867.395900;3;
SNDX;IMOEX;2023-08-29;Индекс МосБиржи;Индекс МосБиржи;3211.36;3205.06;3218.4;3191.31;83871175803.25;0;0;2;5433525831489.043;RUB;1691971867.395900;3;
SNDX;IMOEX;2023-08-30;Индекс МосБиржи;Индекс МосБиржи;3212.68;3214.11;3220.85;3193.18;71358246002.45;0;0;2;5435771047190.006;RUB;1691971867.395900;3;
SNDX;IMOEX;2023-08-31;Индекс МосБиржи;Индекс МосБиржи;3227.99;3218.48;3234.68;3211.94;69633845179.8;0;0;2;5461661509338.318;RUB;1691971867.395900;3;
SNDX;IMOEX;2023-09-01;Индекс МосБиржи;Индекс МосБиржи;3231.35;3230.53;3232.92;3214.95;54848329183.4;0;0;2;5467360722339.207;RUB;1691971867.395900;3;
SNDX;IMOEX;2023-09-04;Индекс МосБиржи;Индекс МосБиржи;3268.97;3242.49;3268.97;3242.4;79115006708.75;0;0;2;5531002292709.732;RUB;1691971867.395900;3;
SNDX;IMOEX;2023-09-05;Индекс МосБиржи;Индекс МосБиржи;3264.43;3273.39;3287.34;3246.46;69983337336.7;0;0;2;5523327191852.811;RUB;1691971867.395900;3;
SNDX;IMOEX;2023-09-06;Индекс МосБиржи;Индекс МосБиржи;3245.47;3270.84;3270.84;3236.79;61766334286.2;0;0;2;5491236816324.359;RUB;1691971867.395900;3;
SNDX;IMOEX;2023-09-07;Индекс МосБиржи;Индекс МосБиржи;3169.07;3247.9;3262.73;3145.25;110748686130;0;0;2;5361974494326.907;RUB;1691971867.395900;3;
SNDX;IMOEX;2023-09-08;Индекс МосБиржи;Индекс МосБиржи;3142.88;3178.44;3188.77;3114.39;73021984581.6;0;0;2;5317671193499.88;RUB;1691971867.395900;3;
SNDX;IMOEX;2023-09-11;Индекс МосБиржи;Индекс МосБиржи;3122.37;3145.26;3153.61;3106.92;69351105559.2;0;0;2;5282960779898.627;RUB;1691971867.395900;3;
SNDX;IMOEX;2023-09-12;Индекс МосБиржи;Индекс МосБиржи;3165.92;3118.14;3165.92;3117.7;63830695936.8;0;0;2;5356651819452.829;RUB;1691971867.395900;3;
SNDX;IMOEX;2023-09-13;Индекс МосБиржи;Индекс МосБиржи;3148.32;3189.08;3191.57;3148.32;49516509449;0;0;2;5326866736899.436;RUB;1691971867.395900;3;
SNDX;IMOEX;2023-09-14;Индекс МосБиржи;Индекс МосБиржи;3139.49;3144.29;3148.5;3072.82;76786367100.8;0;0;2;5311921357187.852;RUB;1691971867.395900;3;
SNDX;IMOEX;2023-09-15;Индекс МосБиржи;Индекс МосБиржи;3152.53;3126.57;3155.45;3116.72;54277283310.25;0;0;2;5333993182700.523;RUB;1691971867.395900;3;
SNDX;IMOEX;2023-09-18;Индекс МосБиржи;Индекс МосБиржи;3135.18;3165.06;3177.23;3127.37;56641551167.95;0;0;2;5304628437151.361;RUB;1691971867.395900;3;
SNDX;IMOEX;2023-09-19;Индекс МосБиржи;Индекс МосБиржи;3083.85;3134.37;3141.38;3054.25;91514235959;0;0;2;5217779374138.759;RUB;1691971867.395900;3;
SNDX;IMOEX;2023-09-20;Индекс МосБиржи;Индекс МосБиржи;3068.15;3061.18;3091.05;3013.75;90455495666.3;0;0;2;5191227158029.654;RUB;1691971867.395900;3;
SNDX;IMOEX;2023-09-21;Индекс МосБиржи;Индекс МосБиржи;3019.22;3058.2;3062.68;3009.89;75859453170.35;0;0;2;5108429495442.17;RUB;1691971867.395900;3;
SNDX;IMOEX;2023-09-22;Индекс МосБиржи;Индекс МосБиржи;3049.07;3009.87;3051.69;2988.04;70583117751.2;0;0;2;5323556829348.229;RUB;1745961295.972100;3;
SNDX;IMOEX;2023-09-25;Индекс МосБиржи;Индекс МосБиржи;3045.39;3051.85;3056.23;3025.89;43799332389.75;0;0;2;5317136779205.928;RUB;1745961295.972100;3;
SNDX;IMOEX;2023-09-26;Индекс МосБиржи;Индекс МосБиржи;3051.91;3034.23;3051.91;3001.92;52669899315.15;0;0;2;5328518265164.202;RUB;1745961295.972100;3;
SNDX;IMOEX;2023-09-27;Индекс МосБиржи;Индекс МосБиржи;3067.61;3053.37;3081.41;3052.59;46210933651.7;0;0;2;5355928470361.438;RUB;1745961295.972100;3;
SNDX;IMOEX;2023-09-28;Индекс МосБиржи;Индекс МосБиржи;3108.07;3080.81;3108.07;3076.64;51682474548.1;0;0;2;5426578247609.236;RUB;1745961295.972100;3;
SNDX;IMOEX;2023-09-29;Индекс МосБиржи;Индекс МосБиржи;3133.26;3121.07;3141.12;3106.97;66288609362.75;0;0;2;5470552131415.018;RUB;1745961295.972100;3;
SNDX;IMOEX;2023-10-02;Индекс МосБиржи;Индекс МосБиржи;3132.33;3141.69;3162.53;3125.58;68632430521.25;0;0;2;5468928721006.391;RUB;1745961295.972100;3;
SNDX;IMOEX;2023-10-03;Индекс МосБиржи;Индекс МосБиржи;3143.88;3134.45;3146.33;3103.63;51722739274.15;0;0;2;5489091613609.438;RUB;1745961295.972100;3;
SNDX;IMOEX;2023-10-04;Индекс МосБиржи;Индекс МосБиржи;3134.25;3138.62;3154.97;3130.03;43951700148.25;0;0;2;5472279158037.809;RUB;1745961295.972100;3;
SNDX;IMOEX;2023-10-05;Индекс МосБиржи;Индекс МосБиржи;3131.76;3126.71;3138.5;3112.96;41598507645.55;0;0;2;5467923071383.402;RUB;1745961295.972100;3;
SNDX;IMOEX;2023-10-06;Индекс МосБиржи;Индекс МосБиржи;3144.89;3138.87;3145.01;3121;39498958223.9;0;0;2;5490856571588.917;RUB;1745961295.972100;3;
SNDX;IMOEX;2023-10-09;Индекс МосБиржи;Индекс МосБиржи;3174.02;3166.21;3185.86;3164.63;56663325565.05;0;0;2;5541715289179.824;RUB;1745961295.972100;3;
SNDX;IMOEX;2023-10-10;Индекс МосБиржи;Индекс МосБиржи;3177.03;3175.08;3182.08;3162.61;39536045222.55;0;0;2;5546971718048.182;RUB;1745961295.972100;3;
SNDX;IMOEX;2023-10-11;Индекс МосБиржи;Индекс МосБиржи;3194.12;3174.99;3196.44;3168.29;66537284095.4;0;0;2;5576805480736.107;RUB;1745961295.972100;3;
SNDX;IMOEX;2023-10-12;Индекс МосБиржи;Индекс МосБиржи;3174.66;3130.04;3178.5;3122.58;62686809843.5;0;0;2;5542831080332.738;RUB;1745961295.972100;3;
SNDX;IMOEX;2023-10-13;Индекс МосБиржи;Индекс МосБиржи;3192.33;3182.47;3195.23;3176.17;50282533196.45;0;0;2;5573678893522.412;RUB;1745961295.972100;3;
SNDX;IMOEX;2023-10-16;Индекс МосБиржи;Индекс МосБиржи;3234.78;3204.81;3235.66;3202.94;65853279415.65;0;0;2;5647802341404.739;RUB;1745961295.972100;3;
SNDX;IMOEX;2023-10-17;Индекс МосБиржи;Индекс МосБиржи;3247.15;3239.37;3252.55;3228.11;72231692204.35;0;0;2;5669395635284.174;RUB;1745961295.972100;3;
SNDX;IMOEX;2023-10-18;Индекс МосБиржи;Индекс МосБиржи;3249.21;3252.31;3262.54;3225.44;81213914737.85;0;0;2;5672996892628.862;RUB;1745961295.972100;3;
SNDX;IMOEX;2023-10-19;Индекс МосБиржи;Индекс МосБиржи;3255.16;3245.26;3260.45;3232.16;57371834112.9;0;0;2;5683377276849.529;RUB;1745961295.972100;3;
SNDX;IMOEX;2023-10-20;Индекс МосБиржи;Индекс МосБиржи;3269.27;3257.85;3269.71;3236.31;69952835836.6;0;0;2;5708010387110.1;RUB;1745961295.972100;3;
SNDX;IMOEX;2023-10-23;Индекс МосБиржи;Индекс МосБиржи;3263.68;3271.76;3283.8;3248.39;67528634796.15;0;0;2;5698261326823.171;RUB;1745961295.972100;3;
SNDX;IMOEX;2023-10-24;Индекс МосБиржи;Индекс МосБиржи;3265.01;3256.29;3266.59;3237.08;57858122995.95;0;0;2;5700586103610.704;RUB;1745961295.972100;3;
SNDX;IMOEX;2023-10-25;Индекс МосБиржи;Индекс МосБиржи;3265.28;3265.18;3269.76;3243.25;59152443940.2;0;0;2;5701057333808.834;RUB;1745961295.972100;3;
SNDX;IMOEX;2023-10-26;Индекс МосБиржи;Индекс МосБиржи;3223.89;3272.71;3283.49;3221.79;78078874145.6;0;0;2;5628781750656.112;RUB;1745961295.972100;3;
SNDX;IMOEX;2023-10-27;Индекс МосБиржи;Индекс МосБиржи;3224.18;3219.49;3241.55;3185.84;71864096635.45;0;0;2;5629289584718.82;RUB;1745961295.972100;3;
SNDX;IMOEX;2023-10-30;Индекс МосБиржи;Индекс МосБиржи;3227.07;3232.82;3246;3219.7;46028692095.7;0;0;2;5634346522497.055;RUB;1745961295.972100;3;
SNDX;IMOEX;2023-10-31;Индекс МосБиржи;Индекс МосБиржи;3200.97;3221.08;3226.88;3176.53;51194409596.6;0;0;2;5588767288266.618;RUB;1745961295.972100;3;
SNDX;IMOEX;2023-11-01;Индекс МосБиржи;Индекс МосБиржи;3206.52;3192.96;3214.83;3191.34;34173972609.55;0;0;2;5598464580526.785;RUB;1745961295.972100;3;
SNDX;IMOEX;2023-11-02;Индекс МосБиржи;Индекс МосБиржи;3197.22;3216.92;3228.46;3197.22;44725565876.95;0;0;2;5582226246898.693;RUB;1745961295.972100;3;
SNDX;IMOEX;2023-11-03;Индекс МосБиржи;Индекс МосБиржи;3208.63;3207.04;3212.81;3182.17;45527115236;0;0;2;5602136158947.2705;RUB;1745961295.972100;3;
SNDX;IMOEX;2023-11-06;Индекс МосБиржи;Индекс МосБиржи;3235.11;3207.47;3237.09;3207.1;34621931434.3;0;0;2;5648379370825.062;RUB;1745961295.972100;3;
SNDX;IMOEX;2023-11-07;Индекс МосБиржи;Индекс МосБиржи;3246.34;3239.98;3246.65;3228.46;43761541279.6;0;0;2;5667978715005.85;RUB;1745961295.972100;3;
SNDX;IMOEX;2023-11-08;Индекс МосБиржи;Индекс МосБиржи;3245.43;3238.81;3257.32;3233.11;51717129125.9;0;0;2;5666398950959.529;RUB;1745961295.972100;3;
SNDX;IMOEX;2023-11-09;Индекс МосБиржи;Индекс МосБиржи;3239.92;3241.5;3245.11;3222.34;41676218574.1;0;0;2;5656769093905.419;RUB;1745961295.972100;3;
SNDX;IMOEX;2023-11-10;Индекс МосБиржи;Индекс МосБиржи;3242.06;3236.03;3246.31;3229.1;45648433667.5;0;0;2;5660505429387.925;RUB;1745961295.972100;3;
SNDX;IMOEX;2023-11-13;Индекс МосБиржи;Индекс МосБиржи;3248.27;3241.31;3251.74;3235.06;46210068912.2;0;0;2;5671349389796.32;RUB;1745961295.972100;3;
SNDX;IMOEX;2023-11-14;Индекс МосБиржи;Индекс МосБиржи;3212.39;3236.48;3236.48;3192.32;60536270231.15;0;0;2;5608701701916.549;RUB;1745961295.972100;3;
SNDX;IMOEX;2023-11-15;Индекс МосБиржи;Индекс МосБиржи;3215.11;3195.43;3221.22;3182.78;51510619170.35;0;0;2;5613451151260.904;RUB;1745961295.972100;3;
SNDX;IMOEX;2023-11-16;Индекс МосБиржи;Индекс МосБиржи;3189.08;3209.33;3215.93;3184.97;38042327235.65;0;0;2;5568012725173.974;RUB;1745961295.972100;3;
SNDX;IMOEX;2023-11-17;Индекс МосБиржи;Индекс МосБиржи;3206.34;3172.78;3208.17;3151.95;48876695171.45;0;0;2;5598143313412.698;RUB;1745961295.972100;3;
SNDX;IMOEX;2023-11-20;Индекс МосБиржи;Индекс МосБиржи;3207.36;3205.73;3216.73;3194.4;39389218372.35;0;0;2;5599920181102.419;RUB;1745961295.972100;3;
SNDX;IMOEX;2023-11-21;Индекс МосБиржи;Индекс МосБиржи;3218.48;3198.73;3219.11;3193.46;43450662035.45;0;0;2;5619341569310.497;RUB;1745961295.972100;3;
SNDX;IMOEX;2023-11-22;Индекс МосБиржи;Индекс МосБиржи;3230.65;3221.9;3239.17;3220.37;54706914415.9;0;0;2;5640581686773.74;RUB;1745961295.972100;3;
SNDX;IMOEX;2023-11-23;Индекс МосБиржи;Индекс МосБиржи;3221.05;3233.09;3238.81;3218.72;38576759503.2;0;0;2;5623834730994.282;RUB;1745961295.972100;3;
SNDX;IMOEX;2023-11-24;Индекс МосБиржи;Индекс МосБиржи;3217.76;3223.75;3231.77;3203.62;48043285163.85;0;0;2;5618079934434;RUB;1745961295.972100;3;
SNDX;IMOEX;2023-11-27;Индекс МосБиржи;Индекс МосБиржи;3191.05;3220.25;3224.61;3178.2;71973813282.4;0;0;2;5571442485081.3125;RUB;1745961295.972100;3;
SNDX;IMOEX;2023-11-28;Индекс МосБиржи;Индекс МосБиржи;3196.36;3189.16;3197.61;3157.55;54632481094;0;0;2;5580725404035.617;RUB;1745961295.972100;3;
SNDX;IMOEX;2023-11-29;Индекс МосБиржи;Индекс МосБиржи;3173.52;3196.75;3200.33;3173.37;45015233407.45;0;0;2;5540837741801.6;RUB;1745961295.972100;3;
SNDX;IMOEX;2023-11-30;Индекс МосБиржи;Индекс МосБиржи;3165.79;3176.5;3176.53;3146.53;50537955023.75;0;0;2;5527346613423.446;RUB;1745961295.972100;3;
SNDX;IMOEX;2023-12-01;Индекс МосБиржи;Индекс МосБиржи;3142.29;3155.87;3162.97;3136.56;40584354460.75;0;0;2;5486310253735.887;RUB;1745961295.972100;3;
SNDX;IMOEX;2023-12-04;Индекс МосБиржи;Индекс МосБиржи;3114.41;3123.18;3126.55;3096.28;49061478048.15;0;0;2;5437640351876.735;RUB;1745961295.972100;3;
SNDX;IMOEX;2023-12-05;Индекс МосБиржи;Индекс МосБиржи;3129.33;3102.3;3134.57;3090.31;42213609509.25;0;0;2;5463693807824.458;RUB;1745961295.972100;3;
SNDX;IMOEX;2023-12-06;Индекс МосБиржи;Индекс МосБиржи;3079.5;3139.89;3146.52;3077.94;59384099103.9;0;0;2;5376695722186.412;RUB;1745961295.972100;3;
SNDX;IMOEX;2023-12-07;Индекс МосБиржи;Индекс МосБиржи;3073.63;3065.93;3084.5;3041.11;60418731501.35;0;0;2;5366439495958.056;RUB;1745961295.972100;3;
SNDX;IMOEX;2023-12-08;Индекс МосБиржи;Индекс МосБиржи;3079.99;3079.88;3100.22;3067.46;34691761303.6;0;0;2;5377547593213.317;RUB;1745961295.972100;3;
SNDX;IMOEX;2023-12-11;Индекс МосБиржи;Индекс МосБиржи;3026.17;3081.88;3082.3;3025.74;69692755380.7;0;0;2;5283569452511.662;RUB;1745961295.972100;3;
SNDX;IMOEX;2023-12-12;Индекс МосБиржи;Индекс МосБиржи;3019.89;3020.61;3046.81;2992.5;61976749445.1;0;0;2;5272615121320.21;RUB;1745961295.972100;3;
SNDX;IMOEX;2023-12-13;Индекс МосБиржи;Индекс МосБиржи;3032.22;3011.99;3043.42;3002.38;33872208220.5;0;0;2;5294133688593.025;RUB;1745961295.972100;3;
SNDX;IMOEX;2023-12-14;Индекс МосБиржи;Индекс МосБиржи;3008.84;3046.43;3057.08;3005.94;38101096671.2;0;0;2;5253318040220.465;RUB;1745961295.972100;3;
SNDX;IMOEX;2023-12-15;Индекс МосБиржи;Индекс МосБиржи;3033.89;2959.29;3037.29;2959.29;72542573400.3;0;0;2;5297060005191.916;RUB;1745961295.972100;3;
SNDX;IMOEX;2023-12-18;Индекс МосБиржи;Индекс МосБиржи;3076.26;3052.14;3090.04;3048.82;61960968092;0;0;2;5371039198059.574;RUB;1745961295.972100;3;
SNDX;IMOEX;2023-12-19;Индекс МосБиржи;Индекс МосБиржи;3083.64;3084.12;3091.26;3066.34;50806028979.9;0;0;2;5383913425937.462;RUB;1745961295.972100;3;
SNDX;IMOEX;2023-12-20;Индекс МосБиржи;Индекс МосБиржи;3104.66;3091.35;3113.92;3088.74;53334930887.35;0;0;2;5420619260098.093;RUB;1745961295.972100;3;
SNDX;IMOEX;2023-12-21;Индекс МосБиржи;Индекс МосБиржи;3073.57;3093.46;3095.01;3050;58423925406.6;0;0;2;5366334062577.679;RUB;1745961295.972100;3;
SNDX;IMOEX;2023-12-22;Индекс МосБиржи;Индекс МосБиржи;3092.58;3076.31;3102.75;3075.56;59800876920.32;0;0;2;5477116475561.413;RUB;1771049604.410600;3;
SNDX;IMOEX;2023-12-25;Индекс МосБиржи;Индекс МосБиржи;3099.02;3095.42;3108.14;3086.89;65851286285.35;0;0;2;5488526366481.734;RUB;1771049604.410600;3;
SNDX;IMOEX;2023-12-26;Индекс МосБиржи;Индекс МосБиржи;3094.72;3090.39;3098.69;3080.92;46286441430.6;0;0;2;5480899165863.648;RUB;1771049604.410600;3;
SNDX;IMOEX;2023-12-27;Индекс МосБиржи;Индекс МосБиржи;3097.49;3100.99;3112.19;3097.31;50134780900.32;0;0;2;5485801054700.088;RUB;1771049604.410600;3;
SNDX;IMOEX;2023-12-28;Индекс МосБиржи;Индекс МосБиржи;3101.99;3099.56;3101.99;3081.98;50308124032.2;0;0;2;5493782245578.1875;RUB;1771049604.410600;3;
SNDX;IMOEX;2023-12-29;Индекс МосБиржи;Индекс МосБиржи;3099.11;3092.66;3102.08;3086.26;33360963641.32;0;0;2;5488668725053.1455;RUB;1771049604.410600;3;
